{
    "name": "goodbye",
    "roles": [
        "goodbye"
    ],
    "lookups": [
        "free-text",
        "keywords"
    ],
    "keywords": [
        {
            "keyword": "bye",
            "synonyms": [
                "bye"
            ]
        },
        {
            "keyword": "good night",
            "synonyms": [
                "good night"
            ]
        },
        {
            "keyword": "goodbye",
            "synonyms": [
                "goodbye"
            ]
        },
        {
            "keyword": "have a nice day",
            "synonyms": [
                "have a nice day"
            ]
        }
    ]
}
