{
    "name": "hello",
    "roles": [
        "hello"
    ],
    "lookups": [
        "free-text",
        "keywords"
    ],
    "keywords": [
        {
            "keyword": "good afternoon",
            "synonyms": [
                "good afternoon"
            ]
        },
        {
            "keyword": "good evening",
            "synonyms": [
                "good evening"
            ]
        },
        {
            "keyword": "good morning",
            "synonyms": [
                "good morning"
            ]
        },
        {
            "keyword": "hello",
            "synonyms": [
                "hello"
            ]
        },
        {
            "keyword": "hi",
            "synonyms": [
                "hi"
            ]
        }
    ]
}
