{
    "utterances": [
        {
            "text": "Hello, Misty",
            "entities": [
                {
                    "entity": "hello:hello",
                    "start": 0,
                    "end": 5,
                    "body": "Hello",
                    "entities": []
                }
            ],
            "traits": [],
            "intent": "greet"
        },
        {
            "text": "What year is it?",
            "entities": [
                {
                    "entity": "year:year",
                    "start": 5,
                    "end": 9,
                    "body": "year",
                    "entities": []
                }
            ],
            "traits": [],
            "intent": "datetime"
        },
        {
            "text": "Which date is it?",
            "entities": [
                {
                    "entity": "date:date",
                    "start": 6,
                    "end": 10,
                    "body": "date",
                    "entities": []
                }
            ],
            "traits": [],
            "intent": "datetime"
        },
        {
            "text": "Which month is it?",
            "entities": [
                {
                    "entity": "month:month",
                    "start": 6,
                    "end": 11,
                    "body": "month",
                    "entities": []
                }
            ],
            "traits": [],
            "intent": "datetime"
        },
        {
            "text": "bye",
            "entities": [
                {
                    "entity": "goodbye:goodbye",
                    "start": 0,
                    "end": 3,
                    "body": "bye",
                    "entities": []
                }
            ],
            "traits": [],
            "intent": "greet"
        },
        {
            "text": "good afternoon",
            "entities": [
                {
                    "entity": "hello:hello",
                    "start": 0,
                    "end": 14,
                    "body": "good afternoon",
                    "entities": []
                }
            ],
            "traits": [],
            "intent": "greet"
        },
        {
            "text": "good evening",
            "entities": [
                {
                    "entity": "hello:hello",
                    "start": 0,
                    "end": 12,
                    "body": "good evening",
                    "entities": []
                }
            ],
            "traits": [],
            "intent": "greet"
        },
        {
            "text": "good morning",
            "entities": [
                {
                    "entity": "hello:hello",
                    "start": 0,
                    "end": 12,
                    "body": "good morning",
                    "entities": []
                }
            ],
            "traits": [],
            "intent": "greet"
        },
        {
            "text": "good night",
            "entities": [
                {
                    "entity": "goodbye:goodbye",
                    "start": 0,
                    "end": 10,
                    "body": "good night",
                    "entities": []
                }
            ],
            "traits": [],
            "intent": "greet"
        },
        {
            "text": "goodbye",
            "entities": [
                {
                    "entity": "goodbye:goodbye",
                    "start": 0,
                    "end": 7,
                    "body": "goodbye",
                    "entities": []
                }
            ],
            "traits": [],
            "intent": "greet"
        },
        {
            "text": "have a nice day",
            "entities": [
                {
                    "entity": "goodbye:goodbye",
                    "start": 0,
                    "end": 15,
                    "body": "have a nice day",
                    "entities": []
                }
            ],
            "traits": [],
            "intent": "greet"
        },
        {
            "text": "hello Misty",
            "entities": [
                {
                    "entity": "hello:hello",
                    "start": 0,
                    "end": 5,
                    "body": "hello",
                    "entities": []
                }
            ],
            "traits": [],
            "intent": "greet"
        },
        {
            "text": "this is a test",
            "entities": [
                {
                    "entity": "test:test",
                    "start": 8,
                    "end": 14,
                    "body": "a test",
                    "entities": []
                }
            ],
            "traits": [],
            "intent": "test"
        },
        {
            "text": "this is a test this is another task",
            "entities": [
                {
                    "entity": "test:test",
                    "start": 8,
                    "end": 14,
                    "body": "a test",
                    "entities": []
                }
            ],
            "traits": [],
            "intent": "test"
        },
        {
            "text": "this is a test this is another test",
            "entities": [
                {
                    "entity": "test:test",
                    "start": 8,
                    "end": 14,
                    "body": "a test",
                    "entities": []
                },
                {
                    "entity": "test:test",
                    "start": 23,
                    "end": 35,
                    "body": "another test",
                    "entities": []
                }
            ],
            "traits": [],
            "intent": "test"
        },
        {
            "text": "this is another test",
            "entities": [
                {
                    "entity": "test:test",
                    "start": 8,
                    "end": 20,
                    "body": "another test",
                    "entities": []
                }
            ],
            "traits": [],
            "intent": "test"
        },
        {
            "text": "what year is it",
            "entities": [
                {
                    "entity": "year:year",
                    "start": 5,
                    "end": 9,
                    "body": "year",
                    "entities": []
                }
            ],
            "traits": [],
            "intent": "datetime"
        },
        {
            "text": "which date is it",
            "entities": [
                {
                    "entity": "date:date",
                    "start": 6,
                    "end": 10,
                    "body": "date",
                    "entities": []
                }
            ],
            "traits": [],
            "intent": "datetime"
        },
        {
            "text": "which month is it",
            "entities": [],
            "traits": []
        }
    ]
}
